word,source_note
scowl,kinkelin/official_answers
wager,kinkelin/official_answers
tying,kinkelin/official_answers
swarm,kinkelin/official_answers
shady,kinkelin/official_answers
lying,kinkelin/official_answers
heady,kinkelin/official_answers
fluke,kinkelin/official_answers
bland,kinkelin/official_answers
bison,kinkelin/official_answers
shone,kinkelin/official_answers
scrum,kinkelin/official_answers
apply,kinkelin/official_answers
retro,kinkelin/official_answers
truce,kinkelin/official_answers
blimp,kinkelin/official_answers
fewer,kinkelin/official_answers
stein,kinkelin/official_answers
quote,kinkelin/official_answers
scary,kinkelin/official_answers
croak,kinkelin/official_answers
steer,kinkelin/official_answers
verge,kinkelin/official_answers
sower,kinkelin/official_answers
raven,kinkelin/official_answers
posit,kinkelin/official_answers
range,kinkelin/official_answers
fuzzy,kinkelin/official_answers
hovel,kinkelin/official_answers
amass,kinkelin/official_answers
leash,kinkelin/official_answers
leech,kinkelin/official_answers
dwarf,kinkelin/official_answers
crimp,kinkelin/official_answers
unite,kinkelin/official_answers
risen,kinkelin/official_answers
tarot,kinkelin/official_answers
helix,kinkelin/official_answers
freed,kinkelin/official_answers
count,kinkelin/official_answers
ladle,kinkelin/official_answers
corny,kinkelin/official_answers
plane,kinkelin/official_answers
sewer,kinkelin/official_answers
pecan,kinkelin/official_answers
tiara,kinkelin/official_answers
condo,kinkelin/official_answers
polyp,kinkelin/official_answers
quite,kinkelin/official_answers
bulge,kinkelin/official_answers
yield,kinkelin/official_answers
pedal,kinkelin/official_answers
thief,kinkelin/official_answers
daisy,kinkelin/official_answers
rouse,kinkelin/official_answers
kebab,kinkelin/official_answers
grope,kinkelin/official_answers
balmy,kinkelin/official_answers
angle,kinkelin/official_answers
shake,kinkelin/official_answers
epoxy,kinkelin/official_answers
ditch,kinkelin/official_answers
islet,kinkelin/official_answers
fever,kinkelin/official_answers
dowdy,kinkelin/official_answers
lowly,kinkelin/official_answers
ovoid,kinkelin/official_answers
stamp,kinkelin/official_answers
straw,kinkelin/official_answers
bowel,kinkelin/official_answers
leapt,kinkelin/official_answers
rebus,kinkelin/official_answers
axial,kinkelin/official_answers
beast,kinkelin/official_answers
slung,kinkelin/official_answers
exile,kinkelin/official_answers
graft,kinkelin/official_answers
lumen,kinkelin/official_answers
tryst,kinkelin/official_answers
crisp,kinkelin/official_answers
bench,kinkelin/official_answers
abide,kinkelin/official_answers
groan,kinkelin/official_answers
clown,kinkelin/official_answers
graph,kinkelin/official_answers
mammy,kinkelin/official_answers
lousy,kinkelin/official_answers
width,kinkelin/official_answers
havoc,kinkelin/official_answers
sword,kinkelin/official_answers
shard,kinkelin/official_answers
baste,kinkelin/official_answers
frisk,kinkelin/official_answers
stout,kinkelin/official_answers
glide,kinkelin/official_answers
datum,kinkelin/official_answers
ledge,kinkelin/official_answers
tiger,kinkelin/official_answers
spool,kinkelin/official_answers
skiff,kinkelin/official_answers
barge,kinkelin/official_answers
shape,kinkelin/official_answers
staid,kinkelin/official_answers
pinto,kinkelin/official_answers
coven,kinkelin/official_answers
borne,kinkelin/official_answers
liner,kinkelin/official_answers
demon,kinkelin/official_answers
guile,kinkelin/official_answers
might,kinkelin/official_answers
rugby,kinkelin/official_answers
humid,kinkelin/official_answers
faith,kinkelin/official_answers
splat,kinkelin/official_answers
abbot,kinkelin/official_answers
pagan,kinkelin/official_answers
lathe,kinkelin/official_answers
mummy,kinkelin/official_answers
tacit,kinkelin/official_answers
blunt,kinkelin/official_answers
smack,kinkelin/official_answers
which,kinkelin/official_answers
beach,kinkelin/official_answers
conic,kinkelin/official_answers
synod,kinkelin/official_answers
swear,kinkelin/official_answers
basil,kinkelin/official_answers
prove,kinkelin/official_answers
blank,kinkelin/official_answers
poppy,kinkelin/official_answers
vivid,kinkelin/official_answers
relic,kinkelin/official_answers
event,kinkelin/official_answers
above,kinkelin/official_answers
hippy,kinkelin/official_answers
north,kinkelin/official_answers
human,kinkelin/official_answers
renew,kinkelin/official_answers
queen,kinkelin/official_answers
petal,kinkelin/official_answers
brute,kinkelin/official_answers
ashen,kinkelin/official_answers
biddy,kinkelin/official_answers
stand,kinkelin/official_answers
orbit,kinkelin/official_answers
masse,kinkelin/official_answers
about,kinkelin/official_answers
dingo,kinkelin/official_answers
obese,kinkelin/official_answers
soggy,kinkelin/official_answers
flour,kinkelin/official_answers
sushi,kinkelin/official_answers
knack,kinkelin/official_answers
scare,kinkelin/official_answers
phony,kinkelin/official_answers
quiet,kinkelin/official_answers
duchy,kinkelin/official_answers
depth,kinkelin/official_answers
every,kinkelin/official_answers
circa,kinkelin/official_answers
ozone,kinkelin/official_answers
staff,kinkelin/official_answers
dusky,kinkelin/official_answers
array,kinkelin/official_answers
sound,kinkelin/official_answers
virus,kinkelin/official_answers
vogue,kinkelin/official_answers
fjord,kinkelin/official_answers
vocal,kinkelin/official_answers
swash,kinkelin/official_answers
dying,kinkelin/official_answers
money,kinkelin/official_answers
bacon,kinkelin/official_answers
skill,kinkelin/official_answers
clove,kinkelin/official_answers
batch,kinkelin/official_answers
scald,kinkelin/official_answers
yeast,kinkelin/official_answers
lobby,kinkelin/official_answers
forge,kinkelin/official_answers
cloak,kinkelin/official_answers
voter,kinkelin/official_answers
vague,kinkelin/official_answers
lease,kinkelin/official_answers
serif,kinkelin/official_answers
trout,kinkelin/official_answers
krill,kinkelin/official_answers
pique,kinkelin/official_answers
often,kinkelin/official_answers
chute,kinkelin/official_answers
lymph,kinkelin/official_answers
decay,kinkelin/official_answers
fetus,kinkelin/official_answers
cinch,kinkelin/official_answers
sheet,kinkelin/official_answers
rebel,kinkelin/official_answers
trail,kinkelin/official_answers
vicar,kinkelin/official_answers
quick,kinkelin/official_answers
plume,kinkelin/official_answers
juicy,kinkelin/official_answers
limit,kinkelin/official_answers
peril,kinkelin/official_answers
bliss,kinkelin/official_answers
ulcer,kinkelin/official_answers
mucky,kinkelin/official_answers
briar,kinkelin/official_answers
juror,kinkelin/official_answers
tonga,kinkelin/official_answers
worth,kinkelin/official_answers
blend,kinkelin/official_answers
medal,kinkelin/official_answers
covey,kinkelin/official_answers
welch,kinkelin/official_answers
loyal,kinkelin/official_answers
safer,kinkelin/official_answers
mover,kinkelin/official_answers
silky,kinkelin/official_answers
flaky,kinkelin/official_answers
magic,kinkelin/official_answers
broad,kinkelin/official_answers
worst,kinkelin/official_answers
spell,kinkelin/official_answers
order,kinkelin/official_answers
flush,kinkelin/official_answers
solar,kinkelin/official_answers
slope,kinkelin/official_answers
flare,kinkelin/official_answers
wooer,kinkelin/official_answers
spoke,kinkelin/official_answers
treat,kinkelin/official_answers
built,kinkelin/official_answers
aloof,kinkelin/official_answers
unmet,kinkelin/official_answers
ovine,kinkelin/official_answers
dress,kinkelin/official_answers
clout,kinkelin/official_answers
penne,kinkelin/official_answers
shell,kinkelin/official_answers
syrup,kinkelin/official_answers
sonar,kinkelin/official_answers
cider,kinkelin/official_answers
unfed,kinkelin/official_answers
facet,kinkelin/official_answers
rivet,kinkelin/official_answers
relay,kinkelin/official_answers
yearn,kinkelin/official_answers
point,kinkelin/official_answers
smoky,kinkelin/official_answers
worry,kinkelin/official_answers
batty,kinkelin/official_answers
gross,kinkelin/official_answers
paddy,kinkelin/official_answers
acrid,kinkelin/official_answers
gusto,kinkelin/official_answers
spicy,kinkelin/official_answers
biome,kinkelin/official_answers
curvy,kinkelin/official_answers
tonal,kinkelin/official_answers
cumin,kinkelin/official_answers
koala,kinkelin/official_answers
women,kinkelin/official_answers
sling,kinkelin/official_answers
sloth,kinkelin/official_answers
waist,kinkelin/official_answers
blink,kinkelin/official_answers
sheer,kinkelin/official_answers
crust,kinkelin/official_answers
frond,kinkelin/official_answers
queue,kinkelin/official_answers
halve,kinkelin/official_answers
trump,kinkelin/official_answers
mucus,kinkelin/official_answers
grant,kinkelin/official_answers
spook,kinkelin/official_answers
cloth,kinkelin/official_answers
lager,kinkelin/official_answers
sweep,kinkelin/official_answers
lunar,kinkelin/official_answers
adept,kinkelin/official_answers
pasta,kinkelin/official_answers
woman,kinkelin/official_answers
pulse,kinkelin/official_answers
class,kinkelin/official_answers
envoy,kinkelin/official_answers
mimic,kinkelin/official_answers
bayou,kinkelin/official_answers
bound,kinkelin/official_answers
satin,kinkelin/official_answers
detox,kinkelin/official_answers
flesh,kinkelin/official_answers
venom,kinkelin/official_answers
patch,kinkelin/official_answers
bough,kinkelin/official_answers
fluff,kinkelin/official_answers
prize,kinkelin/official_answers
video,kinkelin/official_answers
ripen,kinkelin/official_answers
moron,kinkelin/official_answers
twixt,kinkelin/official_answers
surly,kinkelin/official_answers
unzip,kinkelin/official_answers
mouse,kinkelin/official_answers
nurse,kinkelin/official_answers
hutch,kinkelin/official_answers
erect,kinkelin/official_answers
pluck,kinkelin/official_answers
leafy,kinkelin/official_answers
inter,kinkelin/official_answers
wrist,kinkelin/official_answers
khaki,kinkelin/official_answers
sorry,kinkelin/official_answers
blitz,kinkelin/official_answers
stray,kinkelin/official_answers
melee,kinkelin/official_answers
snaky,kinkelin/official_answers
setup,kinkelin/official_answers
candy,kinkelin/official_answers
cabby,kinkelin/official_answers
pesky,kinkelin/official_answers
kneel,kinkelin/official_answers
thorn,kinkelin/official_answers
squib,kinkelin/official_answers
rigor,kinkelin/official_answers
stork,kinkelin/official_answers
slimy,kinkelin/official_answers
buggy,kinkelin/official_answers
donor,kinkelin/official_answers
dowel,kinkelin/official_answers
fussy,kinkelin/official_answers
frill,kinkelin/official_answers
bagel,kinkelin/official_answers
waver,kinkelin/official_answers
greet,kinkelin/official_answers
geese,kinkelin/official_answers
wheat,kinkelin/official_answers
sauce,kinkelin/official_answers
amity,kinkelin/official_answers
boost,kinkelin/official_answers
booth,kinkelin/official_answers
agree,kinkelin/official_answers
imply,kinkelin/official_answers
munch,kinkelin/official_answers
buddy,kinkelin/official_answers
weigh,kinkelin/official_answers
pesto,kinkelin/official_answers
canny,kinkelin/official_answers
erupt,kinkelin/official_answers
avian,kinkelin/official_answers
shall,kinkelin/official_answers
first,kinkelin/official_answers
waltz,kinkelin/official_answers
wharf,kinkelin/official_answers
dopey,kinkelin/official_answers
crept,kinkelin/official_answers
elder,kinkelin/official_answers
nanny,kinkelin/official_answers
putty,kinkelin/official_answers
lupus,kinkelin/official_answers
tramp,kinkelin/official_answers
dairy,kinkelin/official_answers
ember,kinkelin/official_answers
cyber,kinkelin/official_answers
focal,kinkelin/official_answers
pizza,kinkelin/official_answers
heard,kinkelin/official_answers
folio,kinkelin/official_answers
woven,kinkelin/official_answers
visor,kinkelin/official_answers
afoot,kinkelin/official_answers
proxy,kinkelin/official_answers
mania,kinkelin/official_answers
maxim,kinkelin/official_answers
begin,kinkelin/official_answers
urine,kinkelin/official_answers
cause,kinkelin/official_answers
catty,kinkelin/official_answers
grand,kinkelin/official_answers
howdy,kinkelin/official_answers
mafia,kinkelin/official_answers
smile,kinkelin/official_answers
taper,kinkelin/official_answers
weird,kinkelin/official_answers
piano,kinkelin/official_answers
slime,kinkelin/official_answers
dwell,kinkelin/official_answers
croup,kinkelin/official_answers
itchy,kinkelin/official_answers
burly,kinkelin/official_answers
crawl,kinkelin/official_answers
moose,kinkelin/official_answers
outdo,kinkelin/official_answers
slice,kinkelin/official_answers
maple,kinkelin/official_answers
react,kinkelin/official_answers
piney,kinkelin/official_answers
ditty,kinkelin/official_answers
usher,kinkelin/official_answers
camel,kinkelin/official_answers
abbey,kinkelin/official_answers
sheik,kinkelin/official_answers
viral,kinkelin/official_answers
chunk,kinkelin/official_answers
throb,kinkelin/official_answers
swirl,kinkelin/official_answers
pinch,kinkelin/official_answers
buxom,kinkelin/official_answers
weave,kinkelin/official_answers
stead,kinkelin/official_answers
smite,kinkelin/official_answers
amaze,kinkelin/official_answers
spurn,kinkelin/official_answers
urban,kinkelin/official_answers
brave,kinkelin/official_answers
bring,kinkelin/official_answers
ascot,kinkelin/official_answers
night,kinkelin/official_answers
tabby,kinkelin/official_answers
rupee,kinkelin/official_answers
resin,kinkelin/official_answers
truer,kinkelin/official_answers
azure,kinkelin/official_answers
serum,kinkelin/official_answers
bezel,kinkelin/official_answers
sleep,kinkelin/official_answers
bunny,kinkelin/official_answers
whole,kinkelin/official_answers
epoch,kinkelin/official_answers
blade,kinkelin/official_answers
crepe,kinkelin/official_answers
claim,kinkelin/official_answers
drake,kinkelin/official_answers
diner,kinkelin/official_answers
heist,kinkelin/official_answers
timer,kinkelin/official_answers
steak,kinkelin/official_answers
palsy,kinkelin/official_answers
witch,kinkelin/official_answers
plait,kinkelin/official_answers
merit,kinkelin/official_answers
pouty,kinkelin/official_answers
smirk,kinkelin/official_answers
theme,kinkelin/official_answers
reply,kinkelin/official_answers
anger,kinkelin/official_answers
altar,kinkelin/official_answers
blown,kinkelin/official_answers
livid,kinkelin/official_answers
belle,kinkelin/official_answers
aroma,kinkelin/official_answers
greed,kinkelin/official_answers
glint,kinkelin/official_answers
junta,kinkelin/official_answers
onion,kinkelin/official_answers
metal,kinkelin/official_answers
guild,kinkelin/official_answers
draft,kinkelin/official_answers
guava,kinkelin/official_answers
plied,kinkelin/official_answers
algae,kinkelin/official_answers
quoth,kinkelin/official_answers
while,kinkelin/official_answers
wryly,kinkelin/official_answers
adage,kinkelin/official_answers
upper,kinkelin/official_answers
welsh,kinkelin/official_answers
lumpy,kinkelin/official_answers
swoon,kinkelin/official_answers
quilt,kinkelin/official_answers
maker,kinkelin/official_answers
amply,kinkelin/official_answers
eerie,kinkelin/official_answers
vixen,kinkelin/official_answers
cabin,kinkelin/official_answers
edify,kinkelin/official_answers
cleat,kinkelin/official_answers
blurb,kinkelin/official_answers
nymph,kinkelin/official_answers
lodge,kinkelin/official_answers
child,kinkelin/official_answers
twist,kinkelin/official_answers
jolly,kinkelin/official_answers
dealt,kinkelin/official_answers
slunk,kinkelin/official_answers
singe,kinkelin/official_answers
poise,kinkelin/official_answers
mercy,kinkelin/official_answers
clasp,kinkelin/official_answers
adobe,kinkelin/official_answers
solve,kinkelin/official_answers
usual,kinkelin/official_answers
angry,kinkelin/official_answers
homer,kinkelin/official_answers
habit,kinkelin/official_answers
gloss,kinkelin/official_answers
crony,kinkelin/official_answers
witty,kinkelin/official_answers
shied,kinkelin/official_answers
slave,kinkelin/official_answers
trade,kinkelin/official_answers
power,kinkelin/official_answers
shiny,kinkelin/official_answers
filet,kinkelin/official_answers
argue,kinkelin/official_answers
twang,kinkelin/official_answers
hedge,kinkelin/official_answers
young,kinkelin/official_answers
noble,kinkelin/official_answers
imbue,kinkelin/official_answers
thank,kinkelin/official_answers
abate,kinkelin/official_answers
table,kinkelin/official_answers
stilt,kinkelin/official_answers
nudge,kinkelin/official_answers
glyph,kinkelin/official_answers
bonus,kinkelin/official_answers
rotor,kinkelin/official_answers
enact,kinkelin/official_answers
flair,kinkelin/official_answers
viola,kinkelin/official_answers
chili,kinkelin/official_answers
curio,kinkelin/official_answers
fault,kinkelin/official_answers
trick,kinkelin/official_answers
gypsy,kinkelin/official_answers
vigil,kinkelin/official_answers
laden,kinkelin/official_answers
crate,kinkelin/official_answers
refer,kinkelin/official_answers
prawn,kinkelin/official_answers
carat,kinkelin/official_answers
bluff,kinkelin/official_answers
shift,kinkelin/official_answers
gayer,kinkelin/official_answers
thing,kinkelin/official_answers
salad,kinkelin/official_answers
shave,kinkelin/official_answers
heron,kinkelin/official_answers
badly,kinkelin/official_answers
stair,kinkelin/official_answers
aphid,kinkelin/official_answers
privy,kinkelin/official_answers
anvil,kinkelin/official_answers
blind,kinkelin/official_answers
avail,kinkelin/official_answers
slept,kinkelin/official_answers
ample,kinkelin/official_answers
chaff,kinkelin/official_answers
sworn,kinkelin/official_answers
merry,kinkelin/official_answers
tulip,kinkelin/official_answers
adorn,kinkelin/official_answers
match,kinkelin/official_answers
pouch,kinkelin/official_answers
medic,kinkelin/official_answers
opium,kinkelin/official_answers
deity,kinkelin/official_answers
stony,kinkelin/official_answers
march,kinkelin/official_answers
funky,kinkelin/official_answers
brush,kinkelin/official_answers
round,kinkelin/official_answers
sepia,kinkelin/official_answers
focus,kinkelin/official_answers
whiff,kinkelin/official_answers
gorge,kinkelin/official_answers
joist,kinkelin/official_answers
savor,kinkelin/official_answers
flick,kinkelin/official_answers
worse,kinkelin/official_answers
slink,kinkelin/official_answers
floor,kinkelin/official_answers
robin,kinkelin/official_answers
downy,kinkelin/official_answers
haste,kinkelin/official_answers
harsh,kinkelin/official_answers
titan,kinkelin/official_answers
chant,kinkelin/official_answers
grape,kinkelin/official_answers
audit,kinkelin/official_answers
final,kinkelin/official_answers
chill,kinkelin/official_answers
wispy,kinkelin/official_answers
towel,kinkelin/official_answers
lofty,kinkelin/official_answers
deign,kinkelin/official_answers
drama,kinkelin/official_answers
marry,kinkelin/official_answers
lanky,kinkelin/official_answers
clerk,kinkelin/official_answers
stock,kinkelin/official_answers
fiber,kinkelin/official_answers
crock,kinkelin/official_answers
sooth,kinkelin/official_answers
geeky,kinkelin/official_answers
befit,kinkelin/official_answers
thick,kinkelin/official_answers
slant,kinkelin/official_answers
brand,kinkelin/official_answers
whirl,kinkelin/official_answers
atone,kinkelin/official_answers
nutty,kinkelin/official_answers
payee,kinkelin/official_answers
awash,kinkelin/official_answers
craft,kinkelin/official_answers
haute,kinkelin/official_answers
brass,kinkelin/official_answers
graze,kinkelin/official_answers
rigid,kinkelin/official_answers
lever,kinkelin/official_answers
gusty,kinkelin/official_answers
cloud,kinkelin/official_answers
align,kinkelin/official_answers
repel,kinkelin/official_answers
queer,kinkelin/official_answers
gawky,kinkelin/official_answers
ultra,kinkelin/official_answers
logic,kinkelin/official_answers
tally,kinkelin/official_answers
growl,kinkelin/official_answers
alive,kinkelin/official_answers
sumac,kinkelin/official_answers
tapir,kinkelin/official_answers
crass,kinkelin/official_answers
dirty,kinkelin/official_answers
stern,kinkelin/official_answers
puffy,kinkelin/official_answers
globe,kinkelin/official_answers
await,kinkelin/official_answers
nomad,kinkelin/official_answers
whiny,kinkelin/official_answers
musky,kinkelin/official_answers
liken,kinkelin/official_answers
spoon,kinkelin/official_answers
shaky,kinkelin/official_answers
flank,kinkelin/official_answers
chest,kinkelin/official_answers
plate,kinkelin/official_answers
steep,kinkelin/official_answers
ovary,kinkelin/official_answers
tweet,kinkelin/official_answers
vault,kinkelin/official_answers
mango,kinkelin/official_answers
award,kinkelin/official_answers
hater,kinkelin/official_answers
month,kinkelin/official_answers
brace,kinkelin/official_answers
renal,kinkelin/official_answers
zebra,kinkelin/official_answers
filly,kinkelin/official_answers
easel,kinkelin/official_answers
carol,kinkelin/official_answers
dowry,kinkelin/official_answers
rusty,kinkelin/official_answers
motif,kinkelin/official_answers
choke,kinkelin/official_answers
aside,kinkelin/official_answers
frame,kinkelin/official_answers
speak,kinkelin/official_answers
scale,kinkelin/official_answers
leaky,kinkelin/official_answers
alarm,kinkelin/official_answers
icing,kinkelin/official_answers
randy,kinkelin/official_answers
unset,kinkelin/official_answers
ferry,kinkelin/official_answers
avoid,kinkelin/official_answers
thump,kinkelin/official_answers
scout,kinkelin/official_answers
bloke,kinkelin/official_answers
hazel,kinkelin/official_answers
taunt,kinkelin/official_answers
catch,kinkelin/official_answers
kneed,kinkelin/official_answers
bleep,kinkelin/official_answers
bleak,kinkelin/official_answers
spree,kinkelin/official_answers
hippo,kinkelin/official_answers
decor,kinkelin/official_answers
among,kinkelin/official_answers
vapor,kinkelin/official_answers
minor,kinkelin/official_answers
trial,kinkelin/official_answers
macho,kinkelin/official_answers
infer,kinkelin/official_answers
grunt,kinkelin/official_answers
stare,kinkelin/official_answers
felon,kinkelin/official_answers
psalm,kinkelin/official_answers
ovate,kinkelin/official_answers
badge,kinkelin/official_answers
ardor,kinkelin/official_answers
occur,kinkelin/official_answers
leave,kinkelin/official_answers
clock,kinkelin/official_answers
oddly,kinkelin/official_answers
snowy,kinkelin/official_answers
parka,kinkelin/official_answers
baker,kinkelin/official_answers
madly,kinkelin/official_answers
spank,kinkelin/official_answers
chess,kinkelin/official_answers
riser,kinkelin/official_answers
sneer,kinkelin/official_answers
until,kinkelin/official_answers
inane,kinkelin/official_answers
diver,kinkelin/official_answers
check,kinkelin/official_answers
diode,kinkelin/official_answers
roach,kinkelin/official_answers
axiom,kinkelin/official_answers
cacti,kinkelin/official_answers
field,kinkelin/official_answers
fudge,kinkelin/official_answers
steed,kinkelin/official_answers
major,kinkelin/official_answers
whine,kinkelin/official_answers
quill,kinkelin/official_answers
manly,kinkelin/official_answers
elude,kinkelin/official_answers
leggy,kinkelin/official_answers
idyll,kinkelin/official_answers
swill,kinkelin/official_answers
butch,kinkelin/official_answers
quart,kinkelin/official_answers
spied,kinkelin/official_answers
forgo,kinkelin/official_answers
roger,kinkelin/official_answers
patsy,kinkelin/official_answers
movie,kinkelin/official_answers
rarer,kinkelin/official_answers
goose,kinkelin/official_answers
covet,kinkelin/official_answers
spout,kinkelin/official_answers
fight,kinkelin/official_answers
gnash,kinkelin/official_answers
amber,kinkelin/official_answers
rogue,kinkelin/official_answers
rehab,kinkelin/official_answers
tidal,kinkelin/official_answers
fritz,kinkelin/official_answers
skulk,kinkelin/official_answers
woozy,kinkelin/official_answers
tenth,kinkelin/official_answers
bitty,kinkelin/official_answers
clamp,kinkelin/official_answers
climb,kinkelin/official_answers
alert,kinkelin/official_answers
lurid,kinkelin/official_answers
guppy,kinkelin/official_answers
cease,kinkelin/official_answers
cater,kinkelin/official_answers
ombre,kinkelin/official_answers
heath,kinkelin/official_answers
bosom,kinkelin/official_answers
shire,kinkelin/official_answers
visit,kinkelin/official_answers
nadir,kinkelin/official_answers
eagle,kinkelin/official_answers
clone,kinkelin/official_answers
coach,kinkelin/official_answers
forth,kinkelin/official_answers
drift,kinkelin/official_answers
hymen,kinkelin/official_answers
party,kinkelin/official_answers
fluid,kinkelin/official_answers
newly,kinkelin/official_answers
swami,kinkelin/official_answers
raspy,kinkelin/official_answers
siren,kinkelin/official_answers
shoot,kinkelin/official_answers
egret,kinkelin/official_answers
zesty,kinkelin/official_answers
title,kinkelin/official_answers
great,kinkelin/official_answers
dense,kinkelin/official_answers
razor,kinkelin/official_answers
snort,kinkelin/official_answers
glean,kinkelin/official_answers
delay,kinkelin/official_answers
label,kinkelin/official_answers
abhor,kinkelin/official_answers
spice,kinkelin/official_answers
navel,kinkelin/official_answers
genre,kinkelin/official_answers
cover,kinkelin/official_answers
pause,kinkelin/official_answers
plaza,kinkelin/official_answers
nicer,kinkelin/official_answers
crumb,kinkelin/official_answers
recur,kinkelin/official_answers
since,kinkelin/official_answers
gully,kinkelin/official_answers
bible,kinkelin/official_answers
grief,kinkelin/official_answers
purer,kinkelin/official_answers
humus,kinkelin/official_answers
knife,kinkelin/official_answers
tooth,kinkelin/official_answers
scree,kinkelin/official_answers
leant,kinkelin/official_answers
fairy,kinkelin/official_answers
puppy,kinkelin/official_answers
chump,kinkelin/official_answers
gauge,kinkelin/official_answers
manor,kinkelin/official_answers
shock,kinkelin/official_answers
froth,kinkelin/official_answers
clink,kinkelin/official_answers
glory,kinkelin/official_answers
gooey,kinkelin/official_answers
emcee,kinkelin/official_answers
femme,kinkelin/official_answers
bushy,kinkelin/official_answers
dully,kinkelin/official_answers
think,kinkelin/official_answers
total,kinkelin/official_answers
later,kinkelin/official_answers
apron,kinkelin/official_answers
blare,kinkelin/official_answers
horny,kinkelin/official_answers
fancy,kinkelin/official_answers
spurt,kinkelin/official_answers
saucy,kinkelin/official_answers
undid,kinkelin/official_answers
purse,kinkelin/official_answers
score,kinkelin/official_answers
brawl,kinkelin/official_answers
grain,kinkelin/official_answers
utter,kinkelin/official_answers
using,kinkelin/official_answers
basis,kinkelin/official_answers
umbra,kinkelin/official_answers
hasty,kinkelin/official_answers
trope,kinkelin/official_answers
river,kinkelin/official_answers
doubt,kinkelin/official_answers
petty,kinkelin/official_answers
aging,kinkelin/official_answers
caper,kinkelin/official_answers
snipe,kinkelin/official_answers
latte,kinkelin/official_answers
grown,kinkelin/official_answers
suave,kinkelin/official_answers
lunch,kinkelin/official_answers
dirge,kinkelin/official_answers
fresh,kinkelin/official_answers
molar,kinkelin/official_answers
motel,kinkelin/official_answers
grind,kinkelin/official_answers
prick,kinkelin/official_answers
ruler,kinkelin/official_answers
going,kinkelin/official_answers
angst,kinkelin/official_answers
swine,kinkelin/official_answers
aisle,kinkelin/official_answers
polar,kinkelin/official_answers
hatch,kinkelin/official_answers
issue,kinkelin/official_answers
harpy,kinkelin/official_answers
cynic,kinkelin/official_answers
guide,kinkelin/official_answers
naval,kinkelin/official_answers
buyer,kinkelin/official_answers
tower,kinkelin/official_answers
alone,kinkelin/official_answers
ethos,kinkelin/official_answers
metro,kinkelin/official_answers
stomp,kinkelin/official_answers
belie,kinkelin/official_answers
never,kinkelin/official_answers
ingot,kinkelin/official_answers
midst,kinkelin/official_answers
decry,kinkelin/official_answers
junto,kinkelin/official_answers
flint,kinkelin/official_answers
early,kinkelin/official_answers
lusty,kinkelin/official_answers
loamy,kinkelin/official_answers
agent,kinkelin/official_answers
frock,kinkelin/official_answers
craze,kinkelin/official_answers
dodge,kinkelin/official_answers
chalk,kinkelin/official_answers
hinge,kinkelin/official_answers
scant,kinkelin/official_answers
segue,kinkelin/official_answers
spare,kinkelin/official_answers
youth,kinkelin/official_answers
older,kinkelin/official_answers
bluer,kinkelin/official_answers
adore,kinkelin/official_answers
hilly,kinkelin/official_answers
prism,kinkelin/official_answers
forum,kinkelin/official_answers
girth,kinkelin/official_answers
awful,kinkelin/official_answers
liege,kinkelin/official_answers
rayon,kinkelin/official_answers
aloud,kinkelin/official_answers
tamer,kinkelin/official_answers
theft,kinkelin/official_answers
deuce,kinkelin/official_answers
abuse,kinkelin/official_answers
rhyme,kinkelin/official_answers
dally,kinkelin/official_answers
fizzy,kinkelin/official_answers
druid,kinkelin/official_answers
gauze,kinkelin/official_answers
embed,kinkelin/official_answers
limbo,kinkelin/official_answers
slack,kinkelin/official_answers
could,kinkelin/official_answers
crier,kinkelin/official_answers
baggy,kinkelin/official_answers
gummy,kinkelin/official_answers
clash,kinkelin/official_answers
tulle,kinkelin/official_answers
sheen,kinkelin/official_answers
rocky,kinkelin/official_answers
tatty,kinkelin/official_answers
cigar,kinkelin/official_answers
refit,kinkelin/official_answers
femur,kinkelin/official_answers
dumpy,kinkelin/official_answers
rebar,kinkelin/official_answers
brief,kinkelin/official_answers
fetch,kinkelin/official_answers
awake,kinkelin/official_answers
duvet,kinkelin/official_answers
nerve,kinkelin/official_answers
jaunt,kinkelin/official_answers
brake,kinkelin/official_answers
valet,kinkelin/official_answers
toxin,kinkelin/official_answers
reign,kinkelin/official_answers
wacky,kinkelin/official_answers
surer,kinkelin/official_answers
fugue,kinkelin/official_answers
fibre,kinkelin/official_answers
stick,kinkelin/official_answers
abase,kinkelin/official_answers
throw,kinkelin/official_answers
feast,kinkelin/official_answers
radii,kinkelin/official_answers
sperm,kinkelin/official_answers
noisy,kinkelin/official_answers
bawdy,kinkelin/official_answers
octal,kinkelin/official_answers
lingo,kinkelin/official_answers
scene,kinkelin/official_answers
daunt,kinkelin/official_answers
trice,kinkelin/official_answers
villa,kinkelin/official_answers
sniff,kinkelin/official_answers
matey,kinkelin/official_answers
sense,kinkelin/official_answers
abort,kinkelin/official_answers
stint,kinkelin/official_answers
tasty,kinkelin/official_answers
wreck,kinkelin/official_answers
swung,kinkelin/official_answers
upset,kinkelin/official_answers
oaken,kinkelin/official_answers
delta,kinkelin/official_answers
flute,kinkelin/official_answers
chafe,kinkelin/official_answers
gaffe,kinkelin/official_answers
train,kinkelin/official_answers
snide,kinkelin/official_answers
spore,kinkelin/official_answers
sleek,kinkelin/official_answers
irony,kinkelin/official_answers
dread,kinkelin/official_answers
iliac,kinkelin/official_answers
farce,kinkelin/official_answers
swath,kinkelin/official_answers
siege,kinkelin/official_answers
amend,kinkelin/official_answers
brunt,kinkelin/official_answers
chime,kinkelin/official_answers
moral,kinkelin/official_answers
aorta,kinkelin/official_answers
broom,kinkelin/official_answers
dilly,kinkelin/official_answers
annul,kinkelin/official_answers
irate,kinkelin/official_answers
guard,kinkelin/official_answers
caulk,kinkelin/official_answers
plier,kinkelin/official_answers
trove,kinkelin/official_answers
caddy,kinkelin/official_answers
bleat,kinkelin/official_answers
eater,kinkelin/official_answers
scoop,kinkelin/official_answers
shine,kinkelin/official_answers
super,kinkelin/official_answers
sedan,kinkelin/official_answers
these,kinkelin/official_answers
tough,kinkelin/official_answers
slide,kinkelin/official_answers
loopy,kinkelin/official_answers
shear,kinkelin/official_answers
whoop,kinkelin/official_answers
stall,kinkelin/official_answers
chase,kinkelin/official_answers
clung,kinkelin/official_answers
moody,kinkelin/official_answers
royal,kinkelin/official_answers
again,kinkelin/official_answers
shank,kinkelin/official_answers
satyr,kinkelin/official_answers
lithe,kinkelin/official_answers
stunk,kinkelin/official_answers
scuba,kinkelin/official_answers
tepid,kinkelin/official_answers
rover,kinkelin/official_answers
brick,kinkelin/official_answers
sixth,kinkelin/official_answers
feral,kinkelin/official_answers
blame,kinkelin/official_answers
scour,kinkelin/official_answers
deter,kinkelin/official_answers
bicep,kinkelin/official_answers
scram,kinkelin/official_answers
savoy,kinkelin/official_answers
motto,kinkelin/official_answers
skier,kinkelin/official_answers
world,kinkelin/official_answers
place,kinkelin/official_answers
tubal,kinkelin/official_answers
vouch,kinkelin/official_answers
yacht,kinkelin/official_answers
foggy,kinkelin/official_answers
joust,kinkelin/official_answers
blush,kinkelin/official_answers
mount,kinkelin/official_answers
shade,kinkelin/official_answers
idiom,kinkelin/official_answers
fauna,kinkelin/official_answers
baler,kinkelin/official_answers
thigh,kinkelin/official_answers
voila,kinkelin/official_answers
papal,kinkelin/official_answers
mouth,kinkelin/official_answers
mambo,kinkelin/official_answers
evade,kinkelin/official_answers
bilge,kinkelin/official_answers
devil,kinkelin/official_answers
glass,kinkelin/official_answers
tract,kinkelin/official_answers
waive,kinkelin/official_answers
quirk,kinkelin/official_answers
swept,kinkelin/official_answers
affix,kinkelin/official_answers
ether,kinkelin/official_answers
quail,kinkelin/official_answers
equip,kinkelin/official_answers
space,kinkelin/official_answers
strut,kinkelin/official_answers
tenor,kinkelin/official_answers
sooty,kinkelin/official_answers
large,kinkelin/official_answers
cargo,kinkelin/official_answers
booby,kinkelin/official_answers
dwelt,kinkelin/official_answers
arose,kinkelin/official_answers
salty,kinkelin/official_answers
owing,kinkelin/official_answers
broke,kinkelin/official_answers
ficus,kinkelin/official_answers
parse,kinkelin/official_answers
raise,kinkelin/official_answers
enjoy,kinkelin/official_answers
exist,kinkelin/official_answers
amuse,kinkelin/official_answers
intro,kinkelin/official_answers
weedy,kinkelin/official_answers
risky,kinkelin/official_answers
shrug,kinkelin/official_answers
horde,kinkelin/official_answers
niche,kinkelin/official_answers
bride,kinkelin/official_answers
begun,kinkelin/official_answers
ahead,kinkelin/official_answers
sneak,kinkelin/official_answers
prior,kinkelin/official_answers
hover,kinkelin/official_answers
trawl,kinkelin/official_answers
flask,kinkelin/official_answers
gravy,kinkelin/official_answers
modal,kinkelin/official_answers
filth,kinkelin/official_answers
drone,kinkelin/official_answers
chirp,kinkelin/official_answers
hoist,kinkelin/official_answers
their,kinkelin/official_answers
elfin,kinkelin/official_answers
music,kinkelin/official_answers
anime,kinkelin/official_answers
crazy,kinkelin/official_answers
snore,kinkelin/official_answers
empty,kinkelin/official_answers
saute,kinkelin/official_answers
prong,kinkelin/official_answers
natal,kinkelin/official_answers
milky,kinkelin/official_answers
there,kinkelin/official_answers
usurp,kinkelin/official_answers
serve,kinkelin/official_answers
exert,kinkelin/official_answers
uncle,kinkelin/official_answers
drill,kinkelin/official_answers
mayor,kinkelin/official_answers
snail,kinkelin/official_answers
wrest,kinkelin/official_answers
goner,kinkelin/official_answers
basic,kinkelin/official_answers
seven,kinkelin/official_answers
dizzy,kinkelin/official_answers
mason,kinkelin/official_answers
skull,kinkelin/official_answers
armor,kinkelin/official_answers
arrow,kinkelin/official_answers
spear,kinkelin/official_answers
folly,kinkelin/official_answers
amiss,kinkelin/official_answers
drawl,kinkelin/official_answers
notch,kinkelin/official_answers
crave,kinkelin/official_answers
grace,kinkelin/official_answers
stood,kinkelin/official_answers
dozen,kinkelin/official_answers
churn,kinkelin/official_answers
fruit,kinkelin/official_answers
color,kinkelin/official_answers
whale,kinkelin/official_answers
dunce,kinkelin/official_answers
cacao,kinkelin/official_answers
inert,kinkelin/official_answers
tawny,kinkelin/official_answers
grate,kinkelin/official_answers
manga,kinkelin/official_answers
udder,kinkelin/official_answers
lipid,kinkelin/official_answers
prose,kinkelin/official_answers
gulch,kinkelin/official_answers
still,kinkelin/official_answers
manic,kinkelin/official_answers
sally,kinkelin/official_answers
sweet,kinkelin/official_answers
sugar,kinkelin/official_answers
gland,kinkelin/official_answers
abled,kinkelin/official_answers
juice,kinkelin/official_answers
under,kinkelin/official_answers
hurry,kinkelin/official_answers
droop,kinkelin/official_answers
model,kinkelin/official_answers
penal,kinkelin/official_answers
loser,kinkelin/official_answers
digit,kinkelin/official_answers
legal,kinkelin/official_answers
hardy,kinkelin/official_answers
actor,kinkelin/official_answers
impel,kinkelin/official_answers
sandy,kinkelin/official_answers
sinew,kinkelin/official_answers
tardy,kinkelin/official_answers
murky,kinkelin/official_answers
funny,kinkelin/official_answers
bunch,kinkelin/official_answers
taffy,kinkelin/official_answers
weary,kinkelin/official_answers
inlet,kinkelin/official_answers
comfy,kinkelin/official_answers
fatty,kinkelin/official_answers
demur,kinkelin/official_answers
attic,kinkelin/official_answers
linen,kinkelin/official_answers
eject,kinkelin/official_answers
known,kinkelin/official_answers
flail,kinkelin/official_answers
fixer,kinkelin/official_answers
shyly,kinkelin/official_answers
swift,kinkelin/official_answers
eaten,kinkelin/official_answers
hence,kinkelin/official_answers
trash,kinkelin/official_answers
swing,kinkelin/official_answers
afoul,kinkelin/official_answers
sassy,kinkelin/official_answers
relax,kinkelin/official_answers
arena,kinkelin/official_answers
retry,kinkelin/official_answers
spawn,kinkelin/official_answers
agora,kinkelin/official_answers
kappa,kinkelin/official_answers
storm,kinkelin/official_answers
spine,kinkelin/official_answers
twirl,kinkelin/official_answers
wrath,kinkelin/official_answers
store,kinkelin/official_answers
shorn,kinkelin/official_answers
erode,kinkelin/official_answers
overt,kinkelin/official_answers
fella,kinkelin/official_answers
abyss,kinkelin/official_answers
pinky,kinkelin/official_answers
sport,kinkelin/official_answers
roast,kinkelin/official_answers
muddy,kinkelin/official_answers
derby,kinkelin/official_answers
ebony,kinkelin/official_answers
terra,kinkelin/official_answers
neigh,kinkelin/official_answers
dream,kinkelin/official_answers
nylon,kinkelin/official_answers
quasi,kinkelin/official_answers
icily,kinkelin/official_answers
clump,kinkelin/official_answers
mulch,kinkelin/official_answers
totem,kinkelin/official_answers
corer,kinkelin/official_answers
snarl,kinkelin/official_answers
adult,kinkelin/official_answers
soapy,kinkelin/official_answers
wrong,kinkelin/official_answers
chaos,kinkelin/official_answers
tripe,kinkelin/official_answers
vegan,kinkelin/official_answers
grasp,kinkelin/official_answers
pupal,kinkelin/official_answers
opine,kinkelin/official_answers
arise,kinkelin/official_answers
swoop,kinkelin/official_answers
bloom,kinkelin/official_answers
state,kinkelin/official_answers
sulky,kinkelin/official_answers
scrub,kinkelin/official_answers
grave,kinkelin/official_answers
amble,kinkelin/official_answers
voice,kinkelin/official_answers
valve,kinkelin/official_answers
stake,kinkelin/official_answers
admin,kinkelin/official_answers
dried,kinkelin/official_answers
ounce,kinkelin/official_answers
wheel,kinkelin/official_answers
outgo,kinkelin/official_answers
prowl,kinkelin/official_answers
scarf,kinkelin/official_answers
stark,kinkelin/official_answers
idler,kinkelin/official_answers
tilde,kinkelin/official_answers
birch,kinkelin/official_answers
tweed,kinkelin/official_answers
froze,kinkelin/official_answers
dogma,kinkelin/official_answers
assay,kinkelin/official_answers
cried,kinkelin/official_answers
rerun,kinkelin/official_answers
shunt,kinkelin/official_answers
plump,kinkelin/official_answers
golem,kinkelin/official_answers
spiel,kinkelin/official_answers
dross,kinkelin/official_answers
bevel,kinkelin/official_answers
gavel,kinkelin/official_answers
sunny,kinkelin/official_answers
jerky,kinkelin/official_answers
ester,kinkelin/official_answers
surge,kinkelin/official_answers
bleed,kinkelin/official_answers
along,kinkelin/official_answers
spike,kinkelin/official_answers
crack,kinkelin/official_answers
plead,kinkelin/official_answers
salve,kinkelin/official_answers
pound,kinkelin/official_answers
taint,kinkelin/official_answers
pried,kinkelin/official_answers
crash,kinkelin/official_answers
expel,kinkelin/official_answers
panic,kinkelin/official_answers
elope,kinkelin/official_answers
enemy,kinkelin/official_answers
gayly,kinkelin/official_answers
etude,kinkelin/official_answers
forte,kinkelin/official_answers
mourn,kinkelin/official_answers
freak,kinkelin/official_answers
polka,kinkelin/official_answers
rough,kinkelin/official_answers
cello,kinkelin/official_answers
unity,kinkelin/official_answers
botch,kinkelin/official_answers
mirth,kinkelin/official_answers
puree,kinkelin/official_answers
stash,kinkelin/official_answers
shirk,kinkelin/official_answers
girly,kinkelin/official_answers
kinky,kinkelin/official_answers
charm,kinkelin/official_answers
beard,kinkelin/official_answers
mangy,kinkelin/official_answers
sully,kinkelin/official_answers
riper,kinkelin/official_answers
warty,kinkelin/official_answers
smote,kinkelin/official_answers
curly,kinkelin/official_answers
shaft,kinkelin/official_answers
knelt,kinkelin/official_answers
slyly,kinkelin/official_answers
lefty,kinkelin/official_answers
gazer,kinkelin/official_answers
conch,kinkelin/official_answers
gamer,kinkelin/official_answers
fishy,kinkelin/official_answers
boney,kinkelin/official_answers
rebut,kinkelin/official_answers
scorn,kinkelin/official_answers
donut,kinkelin/official_answers
spark,kinkelin/official_answers
savvy,kinkelin/official_answers
horse,kinkelin/official_answers
clang,kinkelin/official_answers
ralph,kinkelin/official_answers
salsa,kinkelin/official_answers
posse,kinkelin/official_answers
shark,kinkelin/official_answers
quash,kinkelin/official_answers
stiff,kinkelin/official_answers
black,kinkelin/official_answers
dryly,kinkelin/official_answers
troll,kinkelin/official_answers
boxer,kinkelin/official_answers
angel,kinkelin/official_answers
wench,kinkelin/official_answers
swell,kinkelin/official_answers
sharp,kinkelin/official_answers
dummy,kinkelin/official_answers
chose,kinkelin/official_answers
cling,kinkelin/official_answers
blaze,kinkelin/official_answers
hairy,kinkelin/official_answers
canon,kinkelin/official_answers
maize,kinkelin/official_answers
stank,kinkelin/official_answers
payer,kinkelin/official_answers
teeth,kinkelin/official_answers
tease,kinkelin/official_answers
arbor,kinkelin/official_answers
reuse,kinkelin/official_answers
aglow,kinkelin/official_answers
rouge,kinkelin/official_answers
shuck,kinkelin/official_answers
plain,kinkelin/official_answers
meant,kinkelin/official_answers
brood,kinkelin/official_answers
pushy,kinkelin/official_answers
quark,kinkelin/official_answers
missy,kinkelin/official_answers
wield,kinkelin/official_answers
salon,kinkelin/official_answers
valid,kinkelin/official_answers
augur,kinkelin/official_answers
remit,kinkelin/official_answers
jumbo,kinkelin/official_answers
pixie,kinkelin/official_answers
cheek,kinkelin/official_answers
spunk,kinkelin/official_answers
beget,kinkelin/official_answers
fatal,kinkelin/official_answers
magma,kinkelin/official_answers
joint,kinkelin/official_answers
cavil,kinkelin/official_answers
radio,kinkelin/official_answers
vaunt,kinkelin/official_answers
tibia,kinkelin/official_answers
gouge,kinkelin/official_answers
ranch,kinkelin/official_answers
spelt,kinkelin/official_answers
agony,kinkelin/official_answers
bully,kinkelin/official_answers
aping,kinkelin/official_answers
diary,kinkelin/official_answers
wedge,kinkelin/official_answers
carry,kinkelin/official_answers
unfit,kinkelin/official_answers
drool,kinkelin/official_answers
sonic,kinkelin/official_answers
fraud,kinkelin/official_answers
macro,kinkelin/official_answers
poesy,kinkelin/official_answers
hefty,kinkelin/official_answers
reset,kinkelin/official_answers
jazzy,kinkelin/official_answers
haunt,kinkelin/official_answers
strip,kinkelin/official_answers
thrum,kinkelin/official_answers
solid,kinkelin/official_answers
giver,kinkelin/official_answers
curry,kinkelin/official_answers
story,kinkelin/official_answers
stale,kinkelin/official_answers
phone,kinkelin/official_answers
civic,kinkelin/official_answers
birth,kinkelin/official_answers
spilt,kinkelin/official_answers
gripe,kinkelin/official_answers
frail,kinkelin/official_answers
skunk,kinkelin/official_answers
squat,kinkelin/official_answers
rajah,kinkelin/official_answers
timid,kinkelin/official_answers
stain,kinkelin/official_answers
pilot,kinkelin/official_answers
chart,kinkelin/official_answers
sadly,kinkelin/official_answers
comet,kinkelin/official_answers
third,kinkelin/official_answers
mushy,kinkelin/official_answers
extol,kinkelin/official_answers
judge,kinkelin/official_answers
aback,kinkelin/official_answers
snoop,kinkelin/official_answers
input,kinkelin/official_answers
paste,kinkelin/official_answers
screw,kinkelin/official_answers
trunk,kinkelin/official_answers
hydro,kinkelin/official_answers
those,kinkelin/official_answers
lilac,kinkelin/official_answers
tonic,kinkelin/official_answers
agate,kinkelin/official_answers
smear,kinkelin/official_answers
would,kinkelin/official_answers
media,kinkelin/official_answers
laugh,kinkelin/official_answers
rumor,kinkelin/official_answers
cocoa,kinkelin/official_answers
axion,kinkelin/official_answers
ditto,kinkelin/official_answers
spoil,kinkelin/official_answers
grail,kinkelin/official_answers
jumpy,kinkelin/official_answers
drunk,kinkelin/official_answers
ridge,kinkelin/official_answers
loose,kinkelin/official_answers
offal,kinkelin/official_answers
index,kinkelin/official_answers
cruel,kinkelin/official_answers
today,kinkelin/official_answers
crone,kinkelin/official_answers
cheap,kinkelin/official_answers
rabid,kinkelin/official_answers
hyper,kinkelin/official_answers
qualm,kinkelin/official_answers
spent,kinkelin/official_answers
clued,kinkelin/official_answers
build,kinkelin/official_answers
lucid,kinkelin/official_answers
adopt,kinkelin/official_answers
fable,kinkelin/official_answers
vinyl,kinkelin/official_answers
bigot,kinkelin/official_answers
slick,kinkelin/official_answers
friar,kinkelin/official_answers
sheep,kinkelin/official_answers
moldy,kinkelin/official_answers
lemon,kinkelin/official_answers
gloom,kinkelin/official_answers
miser,kinkelin/official_answers
value,kinkelin/official_answers
canoe,kinkelin/official_answers
uncut,kinkelin/official_answers
coral,kinkelin/official_answers
gruel,kinkelin/official_answers
blond,kinkelin/official_answers
miner,kinkelin/official_answers
tacky,kinkelin/official_answers
spray,kinkelin/official_answers
honor,kinkelin/official_answers
hotly,kinkelin/official_answers
front,kinkelin/official_answers
taste,kinkelin/official_answers
giddy,kinkelin/official_answers
foray,kinkelin/official_answers
arson,kinkelin/official_answers
berth,kinkelin/official_answers
tuber,kinkelin/official_answers
apple,kinkelin/official_answers
false,kinkelin/official_answers
stung,kinkelin/official_answers
audio,kinkelin/official_answers
winch,kinkelin/official_answers
excel,kinkelin/official_answers
pence,kinkelin/official_answers
tempo,kinkelin/official_answers
outer,kinkelin/official_answers
prude,kinkelin/official_answers
cheat,kinkelin/official_answers
hoard,kinkelin/official_answers
groin,kinkelin/official_answers
merge,kinkelin/official_answers
utile,kinkelin/official_answers
elegy,kinkelin/official_answers
flume,kinkelin/official_answers
civil,kinkelin/official_answers
cleft,kinkelin/official_answers
speck,kinkelin/official_answers
novel,kinkelin/official_answers
flyer,kinkelin/official_answers
death,kinkelin/official_answers
fetid,kinkelin/official_answers
burst,kinkelin/official_answers
semen,kinkelin/official_answers
teddy,kinkelin/official_answers
asset,kinkelin/official_answers
booty,kinkelin/official_answers
verse,kinkelin/official_answers
ensue,kinkelin/official_answers
banjo,kinkelin/official_answers
court,kinkelin/official_answers
tangy,kinkelin/official_answers
fully,kinkelin/official_answers
stone,kinkelin/official_answers
glade,kinkelin/official_answers
nerdy,kinkelin/official_answers
goody,kinkelin/official_answers
shook,kinkelin/official_answers
stove,kinkelin/official_answers
boule,kinkelin/official_answers
cough,kinkelin/official_answers
giant,kinkelin/official_answers
forty,kinkelin/official_answers
lower,kinkelin/official_answers
rumba,kinkelin/official_answers
tutor,kinkelin/official_answers
woken,kinkelin/official_answers
optic,kinkelin/official_answers
chard,kinkelin/official_answers
gassy,kinkelin/official_answers
grime,kinkelin/official_answers
blood,kinkelin/official_answers
spite,kinkelin/official_answers
debar,kinkelin/official_answers
skimp,kinkelin/official_answers
cheer,kinkelin/official_answers
belch,kinkelin/official_answers
grill,kinkelin/official_answers
wooly,kinkelin/official_answers
south,kinkelin/official_answers
crush,kinkelin/official_answers
ocean,kinkelin/official_answers
quota,kinkelin/official_answers
taboo,kinkelin/official_answers
turbo,kinkelin/official_answers
woody,kinkelin/official_answers
glove,kinkelin/official_answers
start,kinkelin/official_answers
right,kinkelin/official_answers
dodgy,kinkelin/official_answers
break,kinkelin/official_answers
three,kinkelin/official_answers
proof,kinkelin/official_answers
humph,kinkelin/official_answers
crude,kinkelin/official_answers
toddy,kinkelin/official_answers
waxen,kinkelin/official_answers
daddy,kinkelin/official_answers
brown,kinkelin/official_answers
ethic,kinkelin/official_answers
piece,kinkelin/official_answers
swish,kinkelin/official_answers
mauve,kinkelin/official_answers
slump,kinkelin/official_answers
where,kinkelin/official_answers
gaily,kinkelin/official_answers
zonal,kinkelin/official_answers
feign,kinkelin/official_answers
plush,kinkelin/official_answers
clank,kinkelin/official_answers
shove,kinkelin/official_answers
study,kinkelin/official_answers
sixty,kinkelin/official_answers
alibi,kinkelin/official_answers
inlay,kinkelin/official_answers
aunty,kinkelin/official_answers
rinse,kinkelin/official_answers
wight,kinkelin/official_answers
motor,kinkelin/official_answers
speed,kinkelin/official_answers
green,kinkelin/official_answers
snuff,kinkelin/official_answers
drain,kinkelin/official_answers
pansy,kinkelin/official_answers
learn,kinkelin/official_answers
aloft,kinkelin/official_answers
alpha,kinkelin/official_answers
drawn,kinkelin/official_answers
betel,kinkelin/official_answers
lapse,kinkelin/official_answers
rowdy,kinkelin/official_answers
radar,kinkelin/official_answers
baron,kinkelin/official_answers
agape,kinkelin/official_answers
stink,kinkelin/official_answers
after,kinkelin/official_answers
spill,kinkelin/official_answers
widen,kinkelin/official_answers
purge,kinkelin/official_answers
bless,kinkelin/official_answers
thyme,kinkelin/official_answers
sweat,kinkelin/official_answers
erase,kinkelin/official_answers
faint,kinkelin/official_answers
moult,kinkelin/official_answers
fetal,kinkelin/official_answers
fifth,kinkelin/official_answers
creep,kinkelin/official_answers
guilt,kinkelin/official_answers
verso,kinkelin/official_answers
paler,kinkelin/official_answers
lapel,kinkelin/official_answers
ionic,kinkelin/official_answers
image,kinkelin/official_answers
shoal,kinkelin/official_answers
prone,kinkelin/official_answers
shore,kinkelin/official_answers
china,kinkelin/official_answers
pride,kinkelin/official_answers
sigma,kinkelin/official_answers
comic,kinkelin/official_answers
peach,kinkelin/official_answers
crump,kinkelin/official_answers
gleam,kinkelin/official_answers
micro,kinkelin/official_answers
evoke,kinkelin/official_answers
awoke,kinkelin/official_answers
llama,kinkelin/official_answers
photo,kinkelin/official_answers
reedy,kinkelin/official_answers
perky,kinkelin/official_answers
verve,kinkelin/official_answers
penny,kinkelin/official_answers
water,kinkelin/official_answers
dough,kinkelin/official_answers
jiffy,kinkelin/official_answers
sprig,kinkelin/official_answers
slate,kinkelin/official_answers
topic,kinkelin/official_answers
nasty,kinkelin/official_answers
otter,kinkelin/official_answers
pivot,kinkelin/official_answers
whack,kinkelin/official_answers
guess,kinkelin/official_answers
thumb,kinkelin/official_answers
honey,kinkelin/official_answers
copse,kinkelin/official_answers
sieve,kinkelin/official_answers
allot,kinkelin/official_answers
local,kinkelin/official_answers
slurp,kinkelin/official_answers
latch,kinkelin/official_answers
happy,kinkelin/official_answers
showy,kinkelin/official_answers
artsy,kinkelin/official_answers
brisk,kinkelin/official_answers
disco,kinkelin/official_answers
pearl,kinkelin/official_answers
suite,kinkelin/official_answers
golly,kinkelin/official_answers
spade,kinkelin/official_answers
force,kinkelin/official_answers
banal,kinkelin/official_answers
torus,kinkelin/official_answers
begat,kinkelin/official_answers
gamut,kinkelin/official_answers
picky,kinkelin/official_answers
inner,kinkelin/official_answers
snack,kinkelin/official_answers
gonad,kinkelin/official_answers
omega,kinkelin/official_answers
route,kinkelin/official_answers
quest,kinkelin/official_answers
ought,kinkelin/official_answers
wound,kinkelin/official_answers
vomit,kinkelin/official_answers
tread,kinkelin/official_answers
revel,kinkelin/official_answers
blast,kinkelin/official_answers
pygmy,kinkelin/official_answers
couch,kinkelin/official_answers
shack,kinkelin/official_answers
aware,kinkelin/official_answers
cabal,kinkelin/official_answers
saner,kinkelin/official_answers
bribe,kinkelin/official_answers
creme,kinkelin/official_answers
lucky,kinkelin/official_answers
snare,kinkelin/official_answers
brash,kinkelin/official_answers
flung,kinkelin/official_answers
brook,kinkelin/official_answers
pudgy,kinkelin/official_answers
smell,kinkelin/official_answers
spiny,kinkelin/official_answers
bused,kinkelin/official_answers
octet,kinkelin/official_answers
query,kinkelin/official_answers
poser,kinkelin/official_answers
hotel,kinkelin/official_answers
bugle,kinkelin/official_answers
stalk,kinkelin/official_answers
exalt,kinkelin/official_answers
debut,kinkelin/official_answers
atoll,kinkelin/official_answers
waste,kinkelin/official_answers
apart,kinkelin/official_answers
foyer,kinkelin/official_answers
price,kinkelin/official_answers
vapid,kinkelin/official_answers
lorry,kinkelin/official_answers
layer,kinkelin/official_answers
grove,kinkelin/official_answers
prune,kinkelin/official_answers
organ,kinkelin/official_answers
shown,kinkelin/official_answers
grout,kinkelin/official_answers
cramp,kinkelin/official_answers
evict,kinkelin/official_answers
guise,kinkelin/official_answers
cable,kinkelin/official_answers
lemur,kinkelin/official_answers
alien,kinkelin/official_answers
heave,kinkelin/official_answers
handy,kinkelin/official_answers
robot,kinkelin/official_answers
level,kinkelin/official_answers
regal,kinkelin/official_answers
ninja,kinkelin/official_answers
wider,kinkelin/official_answers
mange,kinkelin/official_answers
threw,kinkelin/official_answers
ruder,kinkelin/official_answers
click,kinkelin/official_answers
inbox,kinkelin/official_answers
ivory,kinkelin/official_answers
carve,kinkelin/official_answers
scrap,kinkelin/official_answers
crypt,kinkelin/official_answers
braid,kinkelin/official_answers
kitty,kinkelin/official_answers
plank,kinkelin/official_answers
hussy,kinkelin/official_answers
dryer,kinkelin/official_answers
olden,kinkelin/official_answers
slosh,kinkelin/official_answers
comma,kinkelin/official_answers
piggy,kinkelin/official_answers
chair,kinkelin/official_answers
dicey,kinkelin/official_answers
skirt,kinkelin/official_answers
noise,kinkelin/official_answers
salvo,kinkelin/official_answers
mince,kinkelin/official_answers
decoy,kinkelin/official_answers
shale,kinkelin/official_answers
creed,kinkelin/official_answers
extra,kinkelin/official_answers
kayak,kinkelin/official_answers
whelp,kinkelin/official_answers
ghoul,kinkelin/official_answers
naive,kinkelin/official_answers
lasso,kinkelin/official_answers
wordy,kinkelin/official_answers
dingy,kinkelin/official_answers
board,kinkelin/official_answers
gecko,kinkelin/official_answers
prime,kinkelin/official_answers
eager,kinkelin/official_answers
torch,kinkelin/official_answers
smelt,kinkelin/official_answers
cameo,kinkelin/official_answers
coyly,kinkelin/official_answers
credo,kinkelin/official_answers
flout,kinkelin/official_answers
stave,kinkelin/official_answers
cream,kinkelin/official_answers
float,kinkelin/official_answers
tepee,kinkelin/official_answers
trust,kinkelin/official_answers
foist,kinkelin/official_answers
nobly,kinkelin/official_answers
ratio,kinkelin/official_answers
burnt,kinkelin/official_answers
chock,kinkelin/official_answers
shawl,kinkelin/official_answers
crick,kinkelin/official_answers
afire,kinkelin/official_answers
marsh,kinkelin/official_answers
light,kinkelin/official_answers
shelf,kinkelin/official_answers
gaunt,kinkelin/official_answers
truth,kinkelin/official_answers
slash,kinkelin/official_answers
crowd,kinkelin/official_answers
rapid,kinkelin/official_answers
acorn,kinkelin/official_answers
terse,kinkelin/official_answers
tunic,kinkelin/official_answers
flack,kinkelin/official_answers
gnome,kinkelin/official_answers
whisk,kinkelin/official_answers
husky,kinkelin/official_answers
bongo,kinkelin/official_answers
write,kinkelin/official_answers
binge,kinkelin/official_answers
parry,kinkelin/official_answers
finer,kinkelin/official_answers
revue,kinkelin/official_answers
pubic,kinkelin/official_answers
gumbo,kinkelin/official_answers
sever,kinkelin/official_answers
eight,kinkelin/official_answers
heavy,kinkelin/official_answers
belly,kinkelin/official_answers
adapt,kinkelin/official_answers
jewel,kinkelin/official_answers
wreak,kinkelin/official_answers
flood,kinkelin/official_answers
knock,kinkelin/official_answers
plaid,kinkelin/official_answers
mealy,kinkelin/official_answers
bread,kinkelin/official_answers
trace,kinkelin/official_answers
split,kinkelin/official_answers
shrub,kinkelin/official_answers
bossy,kinkelin/official_answers
knave,kinkelin/official_answers
colon,kinkelin/official_answers
harem,kinkelin/official_answers
quake,kinkelin/official_answers
white,kinkelin/official_answers
foamy,kinkelin/official_answers
untie,kinkelin/official_answers
hello,kinkelin/official_answers
ennui,kinkelin/official_answers
modem,kinkelin/official_answers
ideal,kinkelin/official_answers
peace,kinkelin/official_answers
widow,kinkelin/official_answers
vista,kinkelin/official_answers
brink,kinkelin/official_answers
exult,kinkelin/official_answers
madam,kinkelin/official_answers
budge,kinkelin/official_answers
earth,kinkelin/official_answers
pooch,kinkelin/official_answers
doing,kinkelin/official_answers
fleet,kinkelin/official_answers
preen,kinkelin/official_answers
hound,kinkelin/official_answers
wrote,kinkelin/official_answers
teary,kinkelin/official_answers
style,kinkelin/official_answers
admit,kinkelin/official_answers
windy,kinkelin/official_answers
melon,kinkelin/official_answers
canal,kinkelin/official_answers
mossy,kinkelin/official_answers
cobra,kinkelin/official_answers
flash,kinkelin/official_answers
niece,kinkelin/official_answers
booze,kinkelin/official_answers
talon,kinkelin/official_answers
quell,kinkelin/official_answers
creek,kinkelin/official_answers
shirt,kinkelin/official_answers
clack,kinkelin/official_answers
godly,kinkelin/official_answers
broth,kinkelin/official_answers
mamma,kinkelin/official_answers
brine,kinkelin/official_answers
sleet,kinkelin/official_answers
scamp,kinkelin/official_answers
frown,kinkelin/official_answers
vodka,kinkelin/official_answers
chief,kinkelin/official_answers
whose,kinkelin/official_answers
bobby,kinkelin/official_answers
spend,kinkelin/official_answers
spoof,kinkelin/official_answers
paper,kinkelin/official_answers
grade,kinkelin/official_answers
cliff,kinkelin/official_answers
vital,kinkelin/official_answers
gaudy,kinkelin/official_answers
recap,kinkelin/official_answers
alter,kinkelin/official_answers
myrrh,kinkelin/official_answers
brawn,kinkelin/official_answers
lance,kinkelin/official_answers
igloo,kinkelin/official_answers
droit,kinkelin/official_answers
drive,kinkelin/official_answers
filmy,kinkelin/official_answers
rival,kinkelin/official_answers
tithe,kinkelin/official_answers
crank,kinkelin/official_answers
scope,kinkelin/official_answers
thong,kinkelin/official_answers
frost,kinkelin/official_answers
vigor,kinkelin/official_answers
cress,kinkelin/official_answers
elite,kinkelin/official_answers
enema,kinkelin/official_answers
strap,kinkelin/official_answers
rider,kinkelin/official_answers
roomy,kinkelin/official_answers
grimy,kinkelin/official_answers
crest,kinkelin/official_answers
decal,kinkelin/official_answers
unwed,kinkelin/official_answers
cache,kinkelin/official_answers
watch,kinkelin/official_answers
basin,kinkelin/official_answers
essay,kinkelin/official_answers
beefy,kinkelin/official_answers
locus,kinkelin/official_answers
reach,kinkelin/official_answers
tribe,kinkelin/official_answers
vowel,kinkelin/official_answers
briny,kinkelin/official_answers
valor,kinkelin/official_answers
gloat,kinkelin/official_answers
butte,kinkelin/official_answers
cagey,kinkelin/official_answers
touch,kinkelin/official_answers
minty,kinkelin/official_answers
freer,kinkelin/official_answers
caste,kinkelin/official_answers
broil,kinkelin/official_answers
equal,kinkelin/official_answers
tumor,kinkelin/official_answers
chore,kinkelin/official_answers
ninny,kinkelin/official_answers
short,kinkelin/official_answers
wince,kinkelin/official_answers
creak,kinkelin/official_answers
hunch,kinkelin/official_answers
stool,kinkelin/official_answers
stage,kinkelin/official_answers
debug,kinkelin/official_answers
given,kinkelin/official_answers
viper,kinkelin/official_answers
punch,kinkelin/official_answers
lyric,kinkelin/official_answers
chasm,kinkelin/official_answers
swamp,kinkelin/official_answers
sloop,kinkelin/official_answers
smith,kinkelin/official_answers
patio,kinkelin/official_answers
minim,kinkelin/official_answers
elate,kinkelin/official_answers
defer,kinkelin/official_answers
tenet,kinkelin/official_answers
opera,kinkelin/official_answers
agile,kinkelin/official_answers
mogul,kinkelin/official_answers
incur,kinkelin/official_answers
edict,kinkelin/official_answers
antic,kinkelin/official_answers
moist,kinkelin/official_answers
endow,kinkelin/official_answers
brain,kinkelin/official_answers
rower,kinkelin/official_answers
fiery,kinkelin/official_answers
crane,kinkelin/official_answers
porch,kinkelin/official_answers
acute,kinkelin/official_answers
flora,kinkelin/official_answers
clear,kinkelin/official_answers
slush,kinkelin/official_answers
ruddy,kinkelin/official_answers
aider,kinkelin/official_answers
humor,kinkelin/official_answers
toast,kinkelin/official_answers
crook,kinkelin/official_answers
cower,kinkelin/official_answers
knead,kinkelin/official_answers
snake,kinkelin/official_answers
lover,kinkelin/official_answers
furor,kinkelin/official_answers
stoke,kinkelin/official_answers
cross,kinkelin/official_answers
rhino,kinkelin/official_answers
toxic,kinkelin/official_answers
enter,kinkelin/official_answers
group,kinkelin/official_answers
troop,kinkelin/official_answers
racer,kinkelin/official_answers
beady,kinkelin/official_answers
fecal,kinkelin/official_answers
truly,kinkelin/official_answers
dance,kinkelin/official_answers
eking,kinkelin/official_answers
scion,kinkelin/official_answers
floss,kinkelin/official_answers
rearm,kinkelin/official_answers
basal,kinkelin/official_answers
realm,kinkelin/official_answers
chide,kinkelin/official_answers
glaze,kinkelin/official_answers
dolly,kinkelin/official_answers
sissy,kinkelin/official_answers
panel,kinkelin/official_answers
scaly,kinkelin/official_answers
newer,kinkelin/official_answers
hyena,kinkelin/official_answers
taken,kinkelin/official_answers
flown,kinkelin/official_answers
alike,kinkelin/official_answers
close,kinkelin/official_answers
scent,kinkelin/official_answers
haven,kinkelin/official_answers
sauna,kinkelin/official_answers
larva,kinkelin/official_answers
wimpy,kinkelin/official_answers
flake,kinkelin/official_answers
shrew,kinkelin/official_answers
parer,kinkelin/official_answers
scoff,kinkelin/official_answers
print,kinkelin/official_answers
seize,kinkelin/official_answers
rally,kinkelin/official_answers
phase,kinkelin/official_answers
login,kinkelin/official_answers
press,kinkelin/official_answers
chord,kinkelin/official_answers
house,kinkelin/official_answers
labor,kinkelin/official_answers
lurch,kinkelin/official_answers
smart,kinkelin/official_answers
primo,kinkelin/official_answers
rainy,kinkelin/official_answers
pleat,kinkelin/official_answers
guest,kinkelin/official_answers
anode,kinkelin/official_answers
oxide,kinkelin/official_answers
midge,kinkelin/official_answers
fleck,kinkelin/official_answers
pupil,kinkelin/official_answers
gourd,kinkelin/official_answers
ankle,kinkelin/official_answers
coast,kinkelin/official_answers
sappy,kinkelin/official_answers
caput,kinkelin/official_answers
smash,kinkelin/official_answers
droll,kinkelin/official_answers
tried,kinkelin/official_answers
drank,kinkelin/official_answers
hunky,kinkelin/official_answers
tipsy,kinkelin/official_answers
frank,kinkelin/official_answers
truss,kinkelin/official_answers
roost,kinkelin/official_answers
taker,kinkelin/official_answers
morph,kinkelin/official_answers
idiot,kinkelin/official_answers
theta,kinkelin/official_answers
squad,kinkelin/official_answers
piety,kinkelin/official_answers
gipsy,kinkelin/official_answers
tight,kinkelin/official_answers
rural,kinkelin/official_answers
triad,kinkelin/official_answers
flirt,kinkelin/official_answers
needy,kinkelin/official_answers
flame,kinkelin/official_answers
holly,kinkelin/official_answers
daily,kinkelin/official_answers
album,kinkelin/official_answers
aptly,kinkelin/official_answers
block,kinkelin/official_answers
maybe,kinkelin/official_answers
stoic,kinkelin/official_answers
retch,kinkelin/official_answers
piper,kinkelin/official_answers
minus,kinkelin/official_answers
coupe,kinkelin/official_answers
token,kinkelin/official_answers
error,kinkelin/official_answers
annex,kinkelin/official_answers
bulky,kinkelin/official_answers
fanny,kinkelin/official_answers
beech,kinkelin/official_answers
boozy,kinkelin/official_answers
alley,kinkelin/official_answers
knoll,kinkelin/official_answers
slain,kinkelin/official_answers
crime,kinkelin/official_answers
venue,kinkelin/official_answers
smoke,kinkelin/official_answers
below,kinkelin/official_answers
plumb,kinkelin/official_answers
seedy,kinkelin/official_answers
ghost,kinkelin/official_answers
wrack,kinkelin/official_answers
inept,kinkelin/official_answers
lunge,kinkelin/official_answers
scold,kinkelin/official_answers
unify,kinkelin/official_answers
stuff,kinkelin/official_answers
email,kinkelin/official_answers
saint,kinkelin/official_answers
grass,kinkelin/official_answers
small,kinkelin/official_answers
patty,kinkelin/official_answers
drink,kinkelin/official_answers
recut,kinkelin/official_answers
loath,kinkelin/official_answers
stunt,kinkelin/official_answers
stack,kinkelin/official_answers
prank,kinkelin/official_answers
borax,kinkelin/official_answers
began,kinkelin/official_answers
cadet,kinkelin/official_answers
leach,kinkelin/official_answers
choir,kinkelin/official_answers
depot,kinkelin/official_answers
slang,kinkelin/official_answers
alloy,kinkelin/official_answers
noose,kinkelin/official_answers
cluck,kinkelin/official_answers
beset,kinkelin/official_answers
leper,kinkelin/official_answers
onset,kinkelin/official_answers
suing,kinkelin/official_answers
berry,kinkelin/official_answers
cairn,kinkelin/official_answers
least,kinkelin/official_answers
snout,kinkelin/official_answers
trite,kinkelin/official_answers
drape,kinkelin/official_answers
crown,kinkelin/official_answers
sight,kinkelin/official_answers
willy,kinkelin/official_answers
louse,kinkelin/official_answers
abode,kinkelin/official_answers
mower,kinkelin/official_answers
fiend,kinkelin/official_answers
denim,kinkelin/official_answers
snuck,kinkelin/official_answers
scalp,kinkelin/official_answers
furry,kinkelin/official_answers
allow,kinkelin/official_answers
chick,kinkelin/official_answers
dutch,kinkelin/official_answers
champ,kinkelin/official_answers
filer,kinkelin/official_answers
leery,kinkelin/official_answers
chuck,kinkelin/official_answers
skate,kinkelin/official_answers
silly,kinkelin/official_answers
elect,kinkelin/official_answers
stuck,kinkelin/official_answers
rodeo,kinkelin/official_answers
trait,kinkelin/official_answers
union,kinkelin/official_answers
unlit,kinkelin/official_answers
perch,kinkelin/official_answers
liver,kinkelin/official_answers
fifty,kinkelin/official_answers
delve,kinkelin/official_answers
gamma,kinkelin/official_answers
bravo,kinkelin/official_answers
cubic,kinkelin/official_answers
spasm,kinkelin/official_answers
odder,kinkelin/official_answers
shame,kinkelin/official_answers
mocha,kinkelin/official_answers
pithy,kinkelin/official_answers
goofy,kinkelin/official_answers
testy,kinkelin/official_answers
boast,kinkelin/official_answers
usage,kinkelin/official_answers
elbow,kinkelin/official_answers
groom,kinkelin/official_answers
mural,kinkelin/official_answers
flock,kinkelin/official_answers
genie,kinkelin/official_answers
breed,kinkelin/official_answers
poker,kinkelin/official_answers
track,kinkelin/official_answers
dusty,kinkelin/official_answers
macaw,kinkelin/official_answers
rabbi,kinkelin/official_answers
blurt,kinkelin/official_answers
meaty,kinkelin/official_answers
exact,kinkelin/official_answers
bylaw,kinkelin/official_answers
owner,kinkelin/official_answers
being,kinkelin/official_answers
quack,kinkelin/official_answers
hobby,kinkelin/official_answers
wagon,kinkelin/official_answers
proud,kinkelin/official_answers
glare,kinkelin/official_answers
debit,kinkelin/official_answers
torso,kinkelin/official_answers
bloat,kinkelin/official_answers
ready,kinkelin/official_answers
shush,kinkelin/official_answers
cutie,kinkelin/official_answers
plunk,kinkelin/official_answers
stoop,kinkelin/official_answers
olive,kinkelin/official_answers
kiosk,kinkelin/official_answers
wring,kinkelin/official_answers
paint,kinkelin/official_answers
pulpy,kinkelin/official_answers
ratty,kinkelin/official_answers
swore,kinkelin/official_answers
undue,kinkelin/official_answers
steam,kinkelin/official_answers
curve,kinkelin/official_answers
wrung,kinkelin/official_answers
lynch,kinkelin/official_answers
tango,kinkelin/official_answers
tense,kinkelin/official_answers
spiky,kinkelin/official_answers
twice,kinkelin/official_answers
clean,kinkelin/official_answers
jelly,kinkelin/official_answers
pitch,kinkelin/official_answers
musty,kinkelin/official_answers
flier,kinkelin/official_answers
jetty,kinkelin/official_answers
entry,kinkelin/official_answers
drove,kinkelin/official_answers
shalt,kinkelin/official_answers
steal,kinkelin/official_answers
steel,kinkelin/official_answers
gruff,kinkelin/official_answers
topaz,kinkelin/official_answers
nosey,kinkelin/official_answers
hitch,kinkelin/official_answers
plant,kinkelin/official_answers
found,kinkelin/official_answers
elide,kinkelin/official_answers
other,kinkelin/official_answers
harry,kinkelin/official_answers
sting,kinkelin/official_answers
offer,kinkelin/official_answers
cedar,kinkelin/official_answers
tweak,kinkelin/official_answers
wafer,kinkelin/official_answers
smock,kinkelin/official_answers
askew,kinkelin/official_answers
annoy,kinkelin/official_answers
ninth,kinkelin/official_answers
truck,kinkelin/official_answers
fungi,kinkelin/official_answers
share,kinkelin/official_answers
billy,kinkelin/official_answers
dimly,kinkelin/official_answers
meter,kinkelin/official_answers
fling,kinkelin/official_answers
repay,kinkelin/official_answers
heart,kinkelin/official_answers
bingo,kinkelin/official_answers
drown,kinkelin/official_answers
shout,kinkelin/official_answers
spire,kinkelin/official_answers
drier,kinkelin/official_answers
pasty,kinkelin/official_answers
scone,kinkelin/official_answers
vying,kinkelin/official_answers
dandy,kinkelin/official_answers
stole,kinkelin/official_answers
libel,kinkelin/official_answers
fried,kinkelin/official_answers
ramen,kinkelin/official_answers
teach,kinkelin/official_answers
finch,kinkelin/official_answers
joker,kinkelin/official_answers
eying,kinkelin/official_answers
probe,kinkelin/official_answers
mecca,kinkelin/official_answers
mound,kinkelin/official_answers
curse,kinkelin/official_answers
fence,kinkelin/official_answers
wiser,kinkelin/official_answers
favor,kinkelin/official_answers
eclat,kinkelin/official_answers
karma,kinkelin/official_answers
twine,kinkelin/official_answers
rifle,kinkelin/official_answers
cycle,kinkelin/official_answers
avert,kinkelin/official_answers
nasal,kinkelin/official_answers
flunk,kinkelin/official_answers
stump,kinkelin/official_answers
bathe,kinkelin/official_answers
pixel,kinkelin/official_answers
trend,kinkelin/official_answers
allay,kinkelin/official_answers
baton,kinkelin/official_answers
sober,kinkelin/official_answers
apnea,kinkelin/official_answers
chain,kinkelin/official_answers
beret,kinkelin/official_answers
